{"cameraMode":{"drawMode":0,"name":"Shaded","section":"Shading Mode"},"sceneLighting":false,"audioPlay":false,"sceneViewState":{"showFog":true,"showMaterialUpdate":false,"showSkybox":true,"showFlares":true,"showImageEffects":true,"showParticleSystems":true},"in2DMode":false,"pivot":{"x":-0.09306741505861283,"y":0.9340457916259766,"z":0.15006357431411744},"rotation":{"x":0.07640621066093445,"y":-0.022432474419474603,"z":0.0017193478997796774,"w":0.9968243837356567},"size":0.6723288297653198,"orthographic":false}