{"cameraMode":{"drawMode":0,"name":"Shaded","section":"Shading Mode"},"sceneLighting":false,"audioPlay":false,"sceneViewState":{"showFog":true,"showMaterialUpdate":false,"showSkybox":true,"showFlares":true,"showImageEffects":true,"showParticleSystems":true},"in2DMode":false,"pivot":{"x":62.90423583984375,"y":162.0647735595703,"z":-1.0153121948242188},"rotation":{"x":0.046359773725271228,"y":0.07217486202716828,"z":-0.0033894162625074388,"w":0.9963237047195435},"size":47.352378845214847,"orthographic":false}