{"cameraMode":{"drawMode":0,"name":"Shaded","section":"Shading Mode"},"sceneLighting":false,"audioPlay":false,"sceneViewState":{"showFog":true,"showMaterialUpdate":false,"showSkybox":true,"showFlares":true,"showImageEffects":true,"showParticleSystems":true},"in2DMode":false,"pivot":{"x":11.18836784362793,"y":-7.725154876708984,"z":26.2323055267334},"rotation":{"x":0.14200952649116517,"y":0.199297696352005,"z":-0.02923853136599064,"w":0.9691648483276367},"size":16.153635025024415,"orthographic":false}