{"cameraMode":{"drawMode":0,"name":"Shaded","section":"Shading Mode"},"sceneLighting":false,"audioPlay":false,"sceneViewState":{"showFog":true,"showMaterialUpdate":false,"showSkybox":true,"showFlares":true,"showImageEffects":true,"showParticleSystems":true},"in2DMode":false,"pivot":{"x":0.6908478736877441,"y":-3.5278892517089845,"z":14.11416244506836},"rotation":{"x":0.1553296446800232,"y":0.022537192329764367,"z":-0.003542354330420494,"w":0.987608790397644},"size":8.151039123535157,"orthographic":false}