{"cameraMode":{"drawMode":0,"name":"Shaded","section":"Shading Mode"},"sceneLighting":false,"audioPlay":false,"sceneViewState":{"showFog":true,"showMaterialUpdate":false,"showSkybox":true,"showFlares":true,"showImageEffects":true,"showParticleSystems":true},"in2DMode":false,"pivot":{"x":-1.4864039421081544,"y":-0.2690960168838501,"z":6.076752662658691},"rotation":{"x":0.09236961603164673,"y":-0.10287012904882431,"z":0.009594184346497059,"w":0.9903568029403687},"size":3.5450286865234377,"orthographic":false}