{"cameraMode":{"drawMode":0,"name":"Shaded","section":"Shading Mode"},"sceneLighting":false,"audioPlay":false,"sceneViewState":{"showFog":true,"showMaterialUpdate":false,"showSkybox":true,"showFlares":true,"showImageEffects":true,"showParticleSystems":true},"in2DMode":false,"pivot":{"x":592.189697265625,"y":1065.744873046875,"z":10.0276460647583},"rotation":{"x":-0.007499715778976679,"y":1.2812652983029694e-7,"z":2.4730522341087637e-7,"w":0.9999746680259705},"size":956.9927978515625,"orthographic":false}