{"cameraMode":{"drawMode":0,"name":"Shaded","section":"Shading Mode"},"sceneLighting":false,"audioPlay":false,"sceneViewState":{"showFog":true,"showMaterialUpdate":false,"showSkybox":true,"showFlares":true,"showImageEffects":true,"showParticleSystems":true},"in2DMode":false,"pivot":{"x":2.206857919692993,"y":-2.7173008918762209,"z":22.115840911865236},"rotation":{"x":-0.07933934777975083,"y":-0.04393956810235977,"z":0.0034978091716766359,"w":-0.9958762526512146},"size":11.89426040649414,"orthographic":false}