{"cameraMode":{"drawMode":0,"name":"Shaded","section":"Shading Mode"},"sceneLighting":false,"audioPlay":false,"sceneViewState":{"showFog":true,"showMaterialUpdate":false,"showSkybox":true,"showFlares":true,"showImageEffects":true,"showParticleSystems":true},"in2DMode":false,"pivot":{"x":2.752448797225952,"y":-0.8130675554275513,"z":18.00128936767578},"rotation":{"x":-0.04935051128268242,"y":-0.07244031131267548,"z":0.003584434511139989,"w":-0.9961517453193665},"size":10.206464767456055,"orthographic":false}