{"cameraMode":{"drawMode":0,"name":"Shaded","section":"Shading Mode"},"sceneLighting":false,"audioPlay":false,"sceneViewState":{"showFog":true,"showMaterialUpdate":false,"showSkybox":true,"showFlares":true,"showImageEffects":true,"showParticleSystems":true},"in2DMode":false,"pivot":{"x":8.034847259521485,"y":4.566279411315918,"z":32.6934700012207},"rotation":{"x":0.0417347177863121,"y":-0.10948846489191055,"z":-0.004601603839546442,"w":-0.9931035041809082},"size":21.641427993774415,"orthographic":false}