{"cameraMode":{"drawMode":0,"name":"Shaded","section":"Shading Mode"},"sceneLighting":false,"audioPlay":false,"sceneViewState":{"showFog":true,"showMaterialUpdate":false,"showSkybox":true,"showFlares":true,"showImageEffects":true,"showParticleSystems":true},"in2DMode":false,"pivot":{"x":-3.2744662761688234,"y":-5.586709499359131,"z":27.75347137451172},"rotation":{"x":-0.11650664359331131,"y":0.06194077432155609,"z":-0.007284681312739849,"w":-0.9912353157997131},"size":15.056031227111817,"orthographic":false}