{"cameraMode":{"drawMode":0,"name":"Shaded","section":"Shading Mode"},"sceneLighting":true,"audioPlay":false,"sceneViewState":{"showFog":true,"showMaterialUpdate":false,"showSkybox":true,"showFlares":true,"showImageEffects":true,"showParticleSystems":true},"in2DMode":false,"pivot":{"x":1.606850266456604,"y":-0.2140941619873047,"z":5.996498107910156},"rotation":{"x":-0.06019261106848717,"y":-0.051785070449113849,"z":0.003125854069367051,"w":-0.9968476891517639},"size":7.638078689575195,"orthographic":false}